Code,Additive,Products,Risk
e330-citric-acid,E330 - Citric acid,132498,
e322-lecithins,E322 - Lecithins,89519,
e322i-lecithin,E322i - Lecithin,81675,
e500-sodium-carbonates,E500 - Sodium carbonates,56327,
e415-xanthan-gum,E415 - Xanthan gum,50195,
e471-mono-and-diglycerides-of-fatty-acids,E471 - Mono- and diglycerides of fatty acids,43233,
e500ii-sodium-hydrogen-carbonate,E500ii - Sodium hydrogen carbonate,42403,
e412-guar-gum,E412 - Guar gum,38988,
e202-potassium-sorbate,E202 - Potassium sorbate,37268,High risk of over exposure
e407-carrageenan,E407 - Carrageenan,30145,High risk of over exposure
e450-diphosphates,E450 - Diphosphates,29999,High risk of over exposure
e440-pectins,E440 - Pectins,27306,
e250-sodium-nitrite,E250 - Sodium nitrite,26964,High risk of over exposure
e129-allura-red-ac,E129 - Allura red ac,24958,No or very low risk of over exposure
e14xx-modified-starch,E14XX - Modified Starch,23473,
e300-ascorbic-acid,E300 - Ascorbic acid,23166,
e270-lactic-acid,E270 - Lactic acid,23131,
e150c-ammonia-caramel,E150c - Ammonia caramel,22904,Moderate risk of over exposure
e331-sodium-citrates,E331 - Sodium citrates,22542,
e102-tartrazine,E102 - Tartrazine,22495,
e410-locust-bean-gum,E410 - Locust bean gum,20777,
e133-brilliant-blue-fcf,E133 - Brilliant blue FCF,20379,Moderate risk of over exposure
e341-calcium-phosphates,E341 - Calcium phosphates,18458,High risk of over exposure
e211-sodium-benzoate,E211 - Sodium benzoate,18024,High risk of over exposure
e422-glycerol,E422 - Glycerol,17439,
e450i-disodium-diphosphate,E450i - Disodium diphosphate,16633,
e428-gelatine,E428 - Gelatine,16330,
e160b-annatto,E160b - Annatto,16287,
e110-sunset-yellow-fcf,E110 - Sunset yellow FCF,15952,
e414-acacia-gum,E414 - Acacia gum,15571,
e621-monosodium-glutamate,E621 - Monosodium glutamate,14930,High risk of over exposure
e341i-monocalcium-phosphate,E341i - Monocalcium phosphate,13944,
e466-sodium-carboxy-methyl-cellulose,E466 - Sodium carboxy methyl cellulose,13845,
e296-malic-acid,E296 - Malic acid,13070,
e160a-carotene,E160a - Carotene,12584,
e955-sucralose,E955 - Sucralose,12457,
e316-sodium-erythorbate,E316 - Sodium erythorbate,12072,No or very low risk of over exposure
e503-ammonium-carbonates,E503 - Ammonium carbonates,11850,
e420-sorbitol,E420 - Sorbitol,11513,
e160c-paprika-extract,E160c - Paprika extract,10989,
e950-acesulfame-k,E950 - Acesulfame k,10632,
e262-sodium-acetates,E262 - Sodium acetates,10465,
e903-carnauba-wax,E903 - Carnauba wax,10303,
e282-calcium-propionate,E282 - Calcium propionate,10236,
e171-titanium-dioxide,E171 - Titanium dioxide,10064,
e301-sodium-ascorbate,E301 - Sodium ascorbate,10039,
e200-sorbic-acid,E200 - Sorbic acid,8802,High risk of over exposure
e452-polyphosphates,E452 - Polyphosphates,8133,High risk of over exposure
e160ai-beta-carotene,E160ai - Beta-carotene,7898,
e481-sodium-stearoyl-2-lactylate,E481 - Sodium stearoyl-2-lactylate,7878,High risk of over exposure
e631-disodium-inosinate,E631 - Disodium inosinate,7735,
e460-cellulose,E460 - Cellulose,7571,
e627-disodium-guanylate,E627 - Disodium guanylate,7254,
e1400-dextrin,E1400 - Dextrin,6873,
e472e-mono-and-diacetyltartaric-acid-esters-of-mono-and-diglycerides-of-fatty-acids,E472e - Mono- and diacetyltartaric acid esters of mono- and diglycerides of fatty acids,6732,
e503ii-ammonium-hydrogen-carbonate,E503ii - Ammonium hydrogen carbonate,6730,
e306-tocopherol-rich-extract,E306 - Tocopherol-rich extract,6725,
e100-curcumin,E100 - Curcumin,6383,
e340-potassium-phosphates,E340 - Potassium phosphates,6313,High risk of over exposure
e435-polyoxyethylene-sorbitan-monostearate,E435 - Polyoxyethylene sorbitan monostearate,6009,Moderate risk of over exposure
e385-calcium-disodium-ethylenediaminetetraacetate,E385 - Calcium disodium ethylenediaminetetraacetate,5974,
e541-sodium-aluminium-phosphate,E541 - Sodium aluminium phosphate,5903,
e401-sodium-alginate,E401 - Sodium alginate,5846,
e321-butylated-hydroxytoluene,E321 - Butylated hydroxytoluene,5700,
e127-erythrosine,E127 - Erythrosine,5664,
e951-aspartame,E951 - Aspartame,5649,No or very low risk of over exposure
e433-polyoxyethylene-sorbitan-monooleate,E433 - Polyoxyethylene sorbitan monooleate,5543,Moderate risk of over exposure
e339ii-disodium-phosphate,E339ii - Disodium phosphate,5542,
e120-cochineal,E120 - Cochineal,5520,
e223-sodium-metabisulphite,E223 - Sodium metabisulphite,5398,High risk of over exposure
e262ii-sodium-diacetate,E262ii - Sodium diacetate,5372,
e451-triphosphates,E451 - Triphosphates,5363,High risk of over exposure
e338-phosphoric-acid,E338 - Phosphoric acid,5099,High risk of over exposure
e260-acetic-acid,E260 - Acetic acid,5037,
e235-natamycin,E235 - Natamycin,4798,
e150a-plain-caramel,E150a - Plain caramel,4385,No or very low risk of over exposure
e132-indigotine,E132 - Indigotine,4273,No or very low risk of over exposure
e220-sulphur-dioxide,E220 - Sulphur dioxide,4198,High risk of over exposure
e476-polyglycerol-polyricinoleate,E476 - Polyglycerol polyricinoleate,4179,
e406-agar,E406 - Agar,3922,
e340ii-dipotassium-phosphate,E340ii - Dipotassium phosphate,3916,
e326-potassium-lactate,E326 - Potassium lactate,3915,
e252-potassium-nitrate,E252 - Potassium nitrate,3910,High risk of over exposure
e320-butylated-hydroxyanisole-bha,E320 - Butylated hydroxyanisole (bha),3773,
e297-fumaric-acid,E297 - Fumaric acid,3642,
e160-carotenoids,E160 - Carotenoids,3631,
e325-sodium-lactate,E325 - Sodium lactate,3486,
e965-maltitol,E965 - Maltitol,3485,
e334-l-tartaric-acid,E334 - L(+)-tartaric acid,3317,
e319-tertiary-butylhydroquinone-tbhq,E319 - Tertiary-butylhydroquinone (tbhq),3259,
e290-carbon-dioxide,E290 - Carbon dioxide,3172,
e1520-propylene-glycol,E1520 - Propylene Glycol,3081,No or very low risk of over exposure
e460ii-powdered-cellulose,E460ii - Powdered cellulose,3066,
e418-gellan-gum,E418 - Gellan gum,2994,
e339-sodium-phosphates,E339 - Sodium phosphates,2984,High risk of over exposure
e150d-sulphite-ammonia-caramel,E150d - Sulphite ammonia caramel,2875,No or very low risk of over exposure
e212-potassium-benzoate,E212 - Potassium benzoate,2875,High risk of over exposure
e163-anthocyanins,E163 - Anthocyanins,2865,
e224-potassium-metabisulphite,E224 - Potassium metabisulphite,2810,High risk of over exposure
e392-extracts-of-rosemary,E392 - Extracts of rosemary,2754,
e281-sodium-propionate,E281 - Sodium propionate,2738,
e445-glycerol-esters-of-wood-rosin,E445 - Glycerol esters of wood rosin,2712,
e461-methyl-cellulose,E461 - Methyl cellulose,2627,
e452i-sodium-polyphosphate,E452i - Sodium polyphosphate,2592,
e327-calcium-lactate,E327 - Calcium lactate,2486,
e491-sorbitan-monostearate,E491 - Sorbitan monostearate,2444,High risk of over exposure
e572-magnesium-stearate,E572 - Magnesium stearate,2428,
e901-white-and-yellow-beeswax,E901 - White and yellow beeswax,2388,
e452vi-sodium-tripolyphosphate,E452vi - Sodium tripolyphosphate,2357,
e170-calcium-carbonates,E170 - Calcium carbonates,2332,
e222-sodium-bisulphite,E222 - Sodium bisulphite,2267,High risk of over exposure
e904-shellac,E904 - Shellac,2248,
e570-fatty-acids,E570 - Fatty acids,2242,
e101-riboflavin,E101 - Riboflavin,2241,
e516-calcium-sulphate,E516 - Calcium sulphate,2237,
e336-potassium-tartrates,E336 - Potassium tartrates,2232,
e500i-sodium-carbonate,E500i - Sodium carbonate,2161,
e150-caramel,E150 - Caramel,2079,
e501-potassium-carbonates,E501 - Potassium carbonates,1987,
e262i-sodium-acetate,E262i - Sodium acetate,1971,
e170i-calcium-carbonate,E170i - Calcium carbonate,1879,No or very low risk of over exposure
e968-erythritol,E968 - Erythritol,1851,
e161b-lutein,E161b - Lutein,1803,
e960-steviol-glycosides,E960 - Steviol glycosides,1720,Moderate risk of over exposure
e575-glucono-delta-lactone,E575 - Glucono-delta-lactone,1708,
e517-ammonium-sulphate,E517 - Ammonium sulphate,1687,
e1200-polydextrose,E1200 - Polydextrose,1677,
e475-polyglycerol-esters-of-fatty-acids,E475 - Polyglycerol esters of fatty acids,1662,
e341ii-dicalcium-phosphate,E341ii - Dicalcium phosphate,1652,
e551-silicon-dioxide,E551 - Silicon dioxide,1601,
e336i-monopotassium-tartrate,E336i - Monopotassium tartrate,1576,
e162-beetroot-red,E162 - Beetroot red,1545,
e1510-ethanol,E1510 - Ethanol,1522,
e304-fatty-acid-esters-of-ascorbic-acid,E304 - Fatty acid esters of ascorbic acid,1509,
e1103-invertase,E1103 - Invertase,1461,
e101i-riboflavin,E101i - Riboflavin,1448,
e450iii-tetrasodium-diphosphate,E450iii - Tetrasodium diphosphate,1410,
e509-calcium-chloride,E509 - Calcium chloride,1396,Moderate risk of over exposure
e905-synthetic-wax,E905 - Synthetic wax,1389,
e331iii-trisodium-citrate,E331iii - Trisodium citrate,1380,
e141-copper-complexes-of-chlorophylls-and-chlorophyllins,E141 - Copper complexes of chlorophylls and chlorophyllins,1377,
e521-aluminium-sodium-sulphate,E521 - Aluminium sodium sulphate,1351,
e251-sodium-nitrate,E251 - Sodium nitrate,1344,High risk of over exposure
e967-xylitol,E967 - Xylitol,1343,
e965ii-maltitol-syrup,E965ii - Maltitol syrup,1297,
e905a-mineral-oil,E905a - Mineral oil,1267,
e460i-microcrystalline-cellulose,E460i - Microcrystalline cellulose,1234,
e552-calcium-silicate,E552 - Calcium silicate,1223,
e920-l-cysteine-hydrochloride,E920 - L-cysteine hydrochloride,1220,
e579-iron-gluconate,E579 - Iron gluconate,1194,
e1105-lysozyme,E1105 - Lysozyme,1185,
e464-hydroxypropyl-methyl-cellulose,E464 - Hydroxypropyl methyl cellulose,1176,
e153-vegetable-carbon,E153 - Vegetable carbon,1150,
e1100-alpha-amylase,E1100 - Alpha-Amylase,1140,
e524-sodium-hydroxide,E524 - Sodium hydroxide,1133,
e472b-lactic-acid-esters-of-mono-and-diglycerides-of-fatty-acids,E472b - Lactic acid esters of mono- and diglycerides of fatty acids,1122,
e635-disodium-5-ribonucleotide,E635 - Disodium 5'-ribonucleotide,1058,
e420ii-sorbitol-syrup,E420ii - Sorbitol syrup,1019,
e339iii-trisodium-phosphate,E339iii - Trisodium phosphate,988,
e333-calcium-citrates,E333 - Calcium citrates,987,
e417-tara-gum,E417 - Tara gum,982,
e307-alpha-tocopherol,E307 - Alpha-tocopherol,953,
e304i-ascorbyl-palmitate,E304i - Ascorbyl palmitate,930,
e501i-potassium-carbonate,E501i - Potassium carbonate,908,
e927-azodicarbonamide-and-carbamide,E927 - Azodicarbonamide and Carbamide,896,
e953-isomalt,E953 - Isomalt,896,
e405-propane-1-2-diol-alginate,E405 - Propane-1‚2-diol alginate,863,
e1442-hydroxypropyl-distarch-phosphate,E1442 - Hydroxypropyl distarch phosphate,858,
e421-mannitol,E421 - Mannitol,855,
e502-carbonates,E502 - Carbonates,849,
e407a-processed-eucheuma-seaweed,E407a - Processed eucheuma seaweed,834,High risk of over exposure
e310-propyl-gallate,E310 - Propyl gallate,832,
e930-calcium-peroxide,E930 - Calcium peroxide,830,
e492-sorbitan-tristearate,E492 - Sorbitan tristearate,821,High risk of over exposure
E160e%20-%20Beta-apo-8%E2%80%B2-carotenal%20(c30),E160e - Beta-apo-8′-carotenal (c30),818,
e954-saccharin-and-its-salts,E954 - Saccharin and its salts,799,
e927a-azodicarbonamide,E927a - Azodicarbonamide,796,
e554-sodium-aluminium-silicate,E554 - Sodium aluminium silicate,794,
e1422-acetylated-distarch-adipate,E1422 - Acetylated distarch adipate,790,
e340i-monopotassium-phosphate,E340i - Monopotassium phosphate,758,
e900-dimethylpolysiloxane-and-methylphenylpolysiloxane,E900 - Dimethylpolysiloxane and Methylphenylpolysiloxane,745,
e355-adipic-acid,E355 - Adipic acid,730,
e503i-ammonium-carbonate,E503i - Ammonium carbonate,728,
e221-sodium-sulphite,E221 - Sodium sulphite,727,High risk of over exposure
e442-ammonium-phosphatides,E442 - Ammonium phosphatides,716,
e263-calcium-acetate,E263 - Calcium acetate,705,
e900a-dimethyl-polysiloxane,E900a - Dimethyl polysiloxane,673,
e131-patent-blue-v,E131 - Patent blue v,669,Moderate risk of over exposure
e473-sucrose-esters-of-fatty-acids,E473 - Sucrose esters of fatty acids,662,High risk of over exposure
e413-tragacanth,E413 - Tragacanth,641,
e172-iron-oxides-and-iron-hydroxides,E172 - Iron oxides and iron hydroxides,615,
e520-aluminium-sulphate,E520 - Aluminium sulphate,598,
e332-potassium-citrates,E332 - Potassium citrates,592,
e477-propane-1-2-diol-esters-of-fatty-acids,E477 - Propane-1‚2-diol esters of fatty acids,573,
e451i-pentasodium-triphosphate,E451i - Pentasodium triphosphate,551,
e443-brominated-vegetable-oil,E443 - Brominated vegetable oil,528,
e952-cyclamic-acid-and-its-na-and-ca-salts,E952 - Cyclamic acid and its Na and Ca salts,526,
e501ii-potassium-hydrogen-carbonate,E501ii - Potassium hydrogen carbonate,526,
e315-erythorbic-acid,E315 - Erythorbic acid,517,No or very low risk of over exposure
e210-benzoic-acid,E210 - Benzoic acid,501,High risk of over exposure
e472c-citric-acid-esters-of-mono-and-diglycerides-of-fatty-acids,E472c - Citric acid esters of mono- and diglycerides of fatty acids,485,
e535-sodium-ferrocyanide,E535 - Sodium ferrocyanide,480,
e343-magnesium-phosphates,E343 - Magnesium phosphates,478,High risk of over exposure
e261-potassium-acetate,E261 - Potassium acetate,476,
e510-ammonium-chloride,E510 - Ammonium chloride,472,
e363-succinic-acid,E363 - Succinic acid,463,
e553-magnesium-silicates-or-talc,E553 - Magnesium silicates or Talc,456,
e341iii-tricalcium-phosphate,E341iii - Tricalcium phosphate,452,
e444-sucrose-acetate-isobutyrate,E444 - Sucrose acetate isobutyrate,449,
e1104-lipase,E1104 - Lipase,440,
e508-potassium-chloride,E508 - Potassium chloride,438,Moderate risk of over exposure
e140-chlorophylls-and-chlorophyllins,E140 - Chlorophylls and Chlorophyllins,436,
e350-sodium-malates,E350 - Sodium malates,422,
e924a-potassium-bromate,E924a - Potassium bromate,407,
e150b-caustic-sulphite-caramel,E150b - Caustic sulphite caramel,406,No or very low risk of over exposure
e553b-talc,E553b - Talc,400,
e280-propionic-acid,E280 - Propionic acid,394,
e340iii-tripotassium-phosphate,E340iii - Tripotassium phosphate,380,
e470b-magnesium-salts-of-fatty-acids,E470b - Magnesium salts of fatty acids,379,
e302-calcium-ascorbate,E302 - Calcium ascorbate,377,
e1101-protease,E1101 - Protease,372,
e234-nisin,E234 - Nisin,363,
e472a-acetic-acid-esters-of-mono-and-diglycerides-of-fatty-acids,E472a - Acetic acid esters of mono- and diglycerides of fatty acids,337,
e141ii-copper-complexes-of-chlorophyllins,E141ii - Copper complexes of chlorophyllins,337,
e122-azorubine,E122 - Azorubine,335,No or very low risk of over exposure
e160aii-plant-carotenes,E160aii - Plant carotenes,333,
e124-ponceau-4r,E124 - Ponceau 4r,329,
e916-calcium-iodate,E916 - Calcium iodate,327,
e307c-alpha-tocopherol,E307c - Alpha-tocopherol,327,
e141i-copper-complexes-of-chlorophylls,E141i - Copper complexes of chlorophylls,280,
e1505-triethyl-citrate,E1505 - Triethyl citrate,277,
e585-ferrous-lactate,E585 - Ferrous lactate,269,
e640-glycine-and-its-sodium-salt,E640 - Glycine and its sodium salt,267,
e1519-benzyl-alcohol,E1519 - Benzyl alcohol,266,
e504-magnesium-carbonates,E504 - Magnesium carbonates,264,
e942-nitrous-oxide,E942 - Nitrous oxide,253,
e425-konjac,E425 - Konjac,248,
e941-nitrogen,E941 - Nitrogen,245,
e416-karaya-gum,E416 - Karaya-gum,236,
e332ii-tripotassium-citrate,E332ii - Tripotassium citrate,224,
e140i-chlorophylls,E140i - Chlorophylls,219,
e482-calcium-stearoyl-2-lactylate,E482 - Calcium stearoyl-2-lactylate,219,High risk of over exposure
e160d-lycopene,E160d - Lycopene,215,
e961-neotame,E961 - Neotame,214,
e472-acid-esters-of-mono-and-diglycerides-of-fatty-acids,E472 - Acid esters of mono- and diglycerides of fatty acids,193,
e640i-glycine,E640i - Glycine,191,
e331i-monosodium-citrate,E331i - Monosodium citrate,186,
e307b-alpha-tocopherol,E307b - Alpha-tocopherol,184,
e1450-starch-sodium-octenyl-succinate,E1450 - Starch sodium octenyl succinate,173,
e487-sodium-dodecyl-sulfate,E487 - Sodium dodecyl sulfate,172,
e350ii-sodium-hydrogen-malate,E350ii - Sodium hydrogen malate,170,
e1412-distarch-phosphate,E1412 - Distarch phosphate,170,
e1414-acetylated-distarch-phosphate,E1414 - Acetylated distarch phosphate,169,
e339i-monosodium-phosphate,E339i - Monosodium phosphate,163,
e175-gold,E175 - Gold,160,
e1518-glyceryl-triacetate,E1518 - Glyceryl triacetate,158,
e404-calcium-alginate,E404 - Calcium alginate,152,
e143-fast-green-fcf,E143 - Fast Green FCF,151,
e928-benzole-peroxide,E928 - Benzole peroxide,150,
e641-e641-food-additive,E641 - E641 food additive,143,
e333iii-tricalcium-citrate,E333iii - Tricalcium citrate,136,
e216-propyl-para-hydroxybenzoate,E216 - Propyl para-hydroxybenzoate,136,
e440ii-amidated-pectin,E440ii - Amidated pectin,135,
e140ii-chlorophyllins,E140ii - Chlorophyllins,135,
e525-potassium-hydroxide,E525 - Potassium hydroxide,128,
e343ii-dimagnesium-phosphate,E343ii - Dimagnesium phosphate,128,
e470a-sodium-potassium-and-calcium-salts-of-fatty-acids,E470a - Sodium/potassium and calcium salts of fatty acids,125,
e104-quinoline-yellow,E104 - Quinoline yellow,124,
e218-methyl-p-hydroxybenzoate,E218 - Methyl p-hydroxybenzoate,120,
e242-dimethyl-dicarbonate,E242 - Dimethyl dicarbonate,118,
e142-green-s,E142 - Green s,117,Moderate risk of over exposure
e342-ammonium-phosphate,E342 - Ammonium phosphate,117,
e962-salt-of-aspartame-acesulfame,E962 - Salt of aspartame-acesulfame,112,
e1420-acetylated-starch,E1420 - Acetylated starch,112,
e905b-petroleum-jelly,E905b - Petroleum jelly,111,
e329-magnesium-lactate,E329 - Magnesium lactate,110,
e576-sodium-gluconate,E576 - Sodium gluconate,109,
e228-potassium-bisulphite,E228 - Potassium bisulphite,108,High risk of over exposure
e1404-oxidised-starch,E1404 - Oxidised starch,106,
e440a-pectin,E440a - Pectin,104,
e620-glutamic-acid,E620 - Glutamic acid,101,
e917-potassium-iodate,E917 - Potassium iodate,100,
e966-lactitol,E966 - Lactitol,98,
e1521-polyethylene-glycol,E1521 - Polyethylene glycol,98,
e425i-konjac-gum,E425i - Konjac gum,94,
e927b-carbamide,E927b - Carbamide,94,
e536-potassium-ferrocyanide,E536 - Potassium ferrocyanide,93,
e944-propane,E944 - Propane,93,
e999-quillaia-extract,E999 - Quillaia extract,89,
e420i-d-sorbitol,E420i - D-sorbitol,89,
e151-brilliant-black-bn,E151 - Brilliant black bn,88,No or very low risk of over exposure
e400-alginic-acid,E400 - Alginic acid,88,
e172ii-red-iron-oxide,E172ii - Red iron oxide,86,
e902-candelilla-wax,E902 - Candelilla wax,86,
e450ii-trisodium-diphosphate,E450ii - Trisodium diphosphate,84,
e463-hydroxypropyl-cellulose,E463 - Hydroxypropyl cellulose,82,
e943b-isobutane,E943b - Isobutane,80,
e526-calcium-hydroxide,E526 - Calcium hydroxide,77,
e1201-polyvinylpyrrolidone,E1201 - Polyvinylpyrrolidone,77,
e324-ethoxyquin,E324 - Ethoxyquin,76,
e173-aluminium,E173 - Aluminium,73,
e943a-butane,E943a - Butane,73,
e468-cross-linked-sodium-carboxymethylcellulose,E468 - Cross-linked sodium carboxymethylcellulose,72,
e511-magnesium-chloride,E511 - Magnesium chloride,70,Moderate risk of over exposure
e432-polyoxyethylene-sorbitan-monolaurate,E432 - Polyoxyethylene sorbitan monolaurate,69,Moderate risk of over exposure
e249-potassium-nitrite,E249 - Potassium nitrite,68,
e1503-castor-oil,E1503 - Castor oil,68,
e203-calcium-sorbate,E203 - Calcium sorbate,67,
e331ii-disodium-citrate,E331ii - Disodium citrate,65,
e504i-magnesium-carbonate,E504i - Magnesium carbonate,65,
e450v-tetrapotassium-diphosphate,E450v - Tetrapotassium diphosphate,62,
e436-polyoxyethylene-sorbitan-tristearate,E436 - Polyoxyethylene sorbitan tristearate,61,Moderate risk of over exposure
e155-brown-ht,E155 - Brown ht,60,High risk of over exposure
e959-neohesperidine-dihydrochalcone,E959 - Neohesperidine dihydrochalcone,60,
e1102-glucose-oxidase,E1102 - Glucose oxidase,60,
e440i-non-amidated-pectines,E440i - Non-amidated pectines,59,
e530-magnesium-oxide,E530 - Magnesium oxide,58,
e914-oxidised-polyethylene-wax,E914 - Oxidised polyethylene wax,58,
e515-potassium-sulphates,E515 - Potassium sulphates,56,
e636-maltol,E636 - Maltol,55,
e123-amaranth,E123 - Amaranth,51,No or very low risk of over exposure
e553a-magnesium-silicates,E553a - Magnesium silicates,50,
e553ai-magnesium-silicate,E553ai - Magnesium silicate,50,
e514-sodium-sulphates,E514 - Sodium sulphates,50,
e957-thaumatin,E957 - Thaumatin,48,
e350i-sodium-malate,E350i - Sodium malate,45,
e637-ethyl-maltol,E637 - Ethyl maltol,43,
e905c-petroleum-wax,E905c - Petroleum wax,43,
e1202-polyvinylpolypyrrolidone,E1202 - Polyvinylpolypyrrolidone,42,
e555-potassium-aluminium-silicate,E555 - Potassium aluminium silicate,42,
e505-ferrous-carbonate,E505 - Ferrous carbonate,42,
e335-sodium-tartrates,E335 - Sodium tartrates,40,
e559-aluminium-silicate,E559 - Aluminium silicate,39,
e470-sodium-potassium-calcium-and-magnesium-salts-of-fatty-acids,E470 - Sodium/potassium/calcium and magnesium salts of fatty acids,39,
e1440-hydroxypropyl-starch,E1440 - Hydroxypropyl starch,39,
e403-ammonium-alginate,E403 - Ammonium alginate,38,
e470ai-sodium-salts-of-fatty-acids,E470ai - Sodium salts of fatty acids,37,
e913-lanolin,E913 - Lanolin,35,
e963-tagatose,E963 - Tagatose,35,
e285-sodium-tetraborate-borax,E285 - Sodium tetraborate (borax),35,
e905ci-microcrystalline-wax,E905ci - Microcrystalline wax,34,
e472d-tartaric-acid-esters-of-mono-and-diglycerides-of-fatty-acids,E472d - Tartaric acid esters of mono- and diglycerides of fatty acids,34,
e523-aluminium-ammonium-sulphate,E523 - Aluminium ammonium sulphate,33,
e964-polyglycitol-syrup,E964 - Polyglycitol syrup,33,
e201-sodium-sorbate,E201 - Sodium sorbate,31,
e452ii-potassium-polyphosphate,E452ii - Potassium polyphosphate,31,
e174-silver,E174 - Silver,30,
e1203-polyvinyl-alcohol,E1203 - Polyvinyl alcohol,30,
e490-propylene-glycol,E490 - Propylene glycol,29,
e529-calcium-oxide,E529 - Calcium oxide,29,
e265-dehydroacetic-acid,E265 - Dehydroacetic acid,29,
e925-chlorine,E925 - Chlorine,28,
e1401-acid-treated-modified-starch,E1401 - Acid-treated modified starch,27,
e1001-choline-salt,E1001 - Choline salt,27,
e375-nicotinic-acid,E375 - Nicotinic acid,27,
e161g-canthaxanthin,E161g - Canthaxanthin,26,
e450vii-calcium-dihydrogen-diphosphate,E450vii - Calcium dihydrogen diphosphate,25,
e514ii-sodium-hydrogen-sulphate,E514ii - Sodium hydrogen sulphate,24,
e336ii-dipotassium-tartrate,E336ii - Dipotassium tartrate,24,
e233-thiabendazole,E233 - Thiabendazole,24,
e365-sodium-fumarate,E365 - Sodium fumarate,23,
e160aiii-beta-carotene-from-blakeslea-trispora,E160aiii - Beta-carotene from blakeslea trispora,23,
e958-glycyrrhizin,E958 - Glycyrrhizin,23,
e507-hydrochloric-acid,E507 - Hydrochloric acid,23,Moderate risk of over exposure
e948-oxygen,E948 - Oxygen,22,
e214-ethyl-p-hydroxybenzoate,E214 - Ethyl p-hydroxybenzoate,22,
e402-potassium-alginate,E402 - Potassium alginate,22,
e539-sodium-thiosulfate,E539 - Sodium thiosulfate,22,
e243-ethyl-lauroyl-arginate,E243 - Ethyl lauroyl arginate,21,High risk of over exposure
de:Quellkohlens%C3%A4ure,de:Quellkohlensäure,19,
e386-e386-food-additive,E386 - E386 food additive,19,
E101ii%20-%20Riboflavin-5%E2%80%B2-phosphate,E101ii - Riboflavin-5′-phosphate,19,
e266-sodium-dehydroacetate,E266 - Sodium dehydroacetate,17,
e462-ethyl-cellulose,E462 - Ethyl cellulose,16,
e337-potassium-sodium-tartrate,E337 - Potassium sodium tartrate,16,
e522-aluminium-potassium-sulphate,E522 - Aluminium potassium sulphate,15,
e577-potassium-gluconate,E577 - Potassium gluconate,15,
e624-monoammonium-glutamate,E624 - Monoammonium glutamate,15,
e650-zinc-acetate,E650 - Zinc acetate,15,
e630-inosinic-acid,E630 - Inosinic acid,14,
e160aiv-algal-carotenes,E160aiv - Algal carotenes,14,
e558-bentonite,E558 - Bentonite,14,
e311-octyl-gallate,E311 - Octyl gallate,14,
e236-formic-acid,E236 - Formic acid,14,
e180-litholrubine-bk,E180 - Litholrubine bk,14,
e949-hydrogen,E949 - Hydrogen,14,
e1504-ethyl-acetate,E1504 - Ethyl acetate,14,
isomaltose,Isomaltose,14,
e451ii-pentapotassium-triphosphate,E451ii - Pentapotassium triphosphate,13,
e541i-acid-sodium-aluminium-phosphate,E541i - Acid sodium aluminium phosphate,13,
e225-calcium-disulphite,E225 - Calcium Disulphite,13,
e550-sodium-silicate,E550 - Sodium silicate,13,
e514i-sodium-sulphate,E514i - Sodium sulphate,13,
e411-e411-food-additive,E411 - E411 food additive,13,
es:potassium-iodide,es:Potassium iodide,13,
e425ii-konjac-glucomannan,E425ii - Konjac glucomannan,12,
e622-monopotassium-glutamate,E622 - Monopotassium glutamate,12,
e152-black-7984,E152 - Black 7984,12,
e639-e639-food-additive,E639 - E639 food additive,12,
e528-magnesium-hydroxide,E528 - Magnesium hydroxide,12,
e921-l-cysteine-hydrochloride-monohydrate,E921 - L-cysteine hydrochloride monohydrate,11,
e1204-pullulan,E1204 - Pullulan,11,
e219-sodium-methyl-p-hydroxybenzoate,E219 - Sodium methyl p-hydroxybenzoate,11,
e364-e364-food-additive,E364 - E364 food additive,10,
e965i-d-maltitol,E965i - D-Maltitol,10,
e226-calcium-sulphite,E226 - Calcium sulphite,10,High risk of over exposure
e1000-cholic-acid,E1000 - Cholic acid,10,
e352-calcium-malates,E352 - Calcium malates,10,
e494-sorbitan-monooleate,E494 - Sorbitan monooleate,10,High risk of over exposure
e409-arabinogalactan,E409 - Arabinogalactan,9,
e161h-zeaxanthin,E161h - Zeaxanthin,9,
e343i-monomagnesium-phosphate,E343i - Monomagnesium phosphate,9,
e905cii-paraffin-wax,E905cii - Paraffin wax,9,
e504ii-magnesium-hydroxide-carbonate,E504ii - Magnesium hydroxide carbonate,9,
e172iii-yellow-iron-oxide,E172iii - Yellow iron oxide,9,
e172i-black-iron-oxide,E172i - Black iron oxide,9,
e217-sodium-propyl-para-hydroxybenzoate,E217 - Sodium propyl para-hydroxybenzoate,8,
e181-tannin,E181 - Tannin,8,
e626-guanylic-acid,E626 - Guanylic acid,8,
e391-phytic-acid,E391 - Phytic acid,8,
e578-calcium-gluconate,E578 - Calcium gluconate,7,
e1405-enzyme-treated-starch,E1405 - Enzyme treated starch,7,
e479b-thermally-oxidised-soya-bean-oil-interacted-with-mono-and-diglycerides-of-fatty-acids,E479b - Thermally oxidised soya bean oil interacted with mono- and diglycerides of fatty acids,7,
e1410-monostarch-phosphate,E1410 - Monostarch phosphate,7,
e515i-potassium-sulphate,E515i - Potassium sulphate,7,
e580-magnesium-gluconate,E580 - Magnesium Gluconate,7,
e419-gum-ghatti,E419 - Gum ghatti,7,
e381-ferric-ammonium-citrate,E381 - Ferric ammonium citrate,7,
e215-sodium-ethyl-p-hydroxybenzoate,E215 - Sodium ethyl p-hydroxybenzoate,7,
e166-e166-food-additive,E166 - E166 food additive,7,
e441-superglycerinated-hydrogenated-rapeseed-oil,E441 - Superglycerinated hydrogenated rapeseed oil,7,
e474-sucroglycerides,E474 - Sucroglycerides,7,
e239-hexamethylene-tetramine,E239 - Hexamethylene tetramine,6,
e513-sulphuric-acid,E513 - Sulphuric acid,6,
e105-e105-food-additive,E105 - E105 food additive,6,
e500iii-sodium-sesquicarbonate,E500iii - Sodium sesquicarbonate,6,
e318-sodium-erythorbin,E318 - Sodium erythorbin,6,
e370-1-4-heptonolactone,E370 - 1‚4-Heptonolactone,6,
e518-magnesium-sulphate,E518 - Magnesium sulphate,6,
e469-enzymatically-hydrolysed-carboxymethylcellulose,E469 - Enzymatically hydrolysed carboxymethylcellulose,6,
e170ii-calcium-hydrogen-carbonate,E170ii - Calcium hydrogen carbonate,6,
e161-xanthophylls,E161 - Xanthophylls,6,
e121-citrus-red-2,E121 - Citrus Red 2,5,
e472g-succinylated-monoglycerides,E472g - Succinylated monoglycerides,5,
e540-dicalcium-diphosphate,E540 - Dicalcium diphosphate,5,
e457-alpha-cyclodextrine,E457 - Alpha-Cyclodextrine,5,
e367-calcium-fumarate,E367 - Calcium fumarate,5,
e459-beta-cyclodextrine,E459 - Beta-cyclodextrine,5,High risk of over exposure
e106-flavin-mononucleotide,E106 - Flavin mononucleotide,5,
e230-biphenyl,E230 - Biphenyl,5,
e164-e164-food-additive,E164 - E164 food additive,5,
e352i-calcium-malate,E352i - Calcium malate,5,
e353-metatartaric-acid,E353 - Metatartaric acid,5,
e165-e165-food-additive,E165 - E165 food additive,5,
e161j-astaxanthin,E161j - Astaxanthin,5,
e380-triammonium-citrate,E380 - Triammonium citrate,5,
de:Nat%C3%BCrliche%20Quellkohlens%C3%A4ure,de:Natürliche Quellkohlensäure,5,
e303-potassium-ascorbate,E303 - Potassium ascorbate,5,
e231-orthophenyl-phenol,E231 - Orthophenyl phenol,5,
e309-delta-tocopherol,E309 - Delta-tocopherol,4,
e1411-distarch-glycerol,E1411 - Distarch glycerol,4,
e307a-alpha-tocopherol,E307a - Alpha-tocopherol,4,
e1403-bleached-starch,E1403 - Bleached starch,4,
e130-indanthrene-blue-rs,E130 - Indanthrene blue RS,4,
e574-gluconic-acid,E574 - Gluconic acid,4,
e332i-monopotassium-citrate,E332i - Monopotassium citrate,4,
e512-stannous-chloride,E512 - Stannous chloride,4,
e573-aluminium-stearate,E573 - Aluminium stearate,4,
e542-bone-phosphate,E542 - Bone phosphate,4,
e527-ammonium-hydroxide,E527 - Ammonium hydroxide,4,
e103-alkannin,E103 - Alkannin,4,
e232-sodium-orthophenyl-phenol,E232 - Sodium orthophenyl phenol,4,
e452iv-calcium-polyphosphate,E452iv - Calcium polyphosphate,4,
e431-polyoxyethylene-40-stearate,E431 - Polyoxyethylene (40) stearate,4,
e308-gamme-tocopherol,E308 - Gamme-tocopherol,3,
e446-succistearin,E446 - Succistearin,3,
e111-orange-ggn,E111 - Orange GGN,3,
e571-e571-food-additive,E571 - E571 food additive,3,
e430-polyoxyethylene-8-stearate,E430 - Polyoxyethylene (8) stearate,3,
e107-yellow-2g,E107 - Yellow 2G,3,
e312-dodecyl-gallate,E312 - Dodecyl gallate,3,
e345-magnesium-citrate,E345 - Magnesium citrate,3,
e465-ethyl-methyl-cellulose,E465 - Ethyl methyl cellulose,3,
e283-potassium-propionate,E283 - Potassium propionate,3,
e408-bakers-yeast-glycan,E408 - Bakers yeast glycan,3,
e426-soybean-hemicellulose,E426 - Soybean hemicellulose,3,
e125-scarlet-gn,E125 - Scarlet GN,3,
e493-sorbitan-monolaurate,E493 - Sorbitan monolaurate,3,High risk of over exposure
e450iv-dipotassium-dihydrogenpyrophosphate,E450iv - Dipotassium dihydrogenpyrophosphate,3,
e560-potassium-silicate,E560 - Potassium silicate,3,
e333ii-dicalcium-citrate,E333ii - Dicalcium citrate,3,
e1421-acetylated-starch,E1421 - Acetylated starch,3,
e427-cassia-gum,E427 - Cassia gum,3,
e908-rice-bran-wax,E908 - Rice bran wax,3,
e450vi-dicalcium-diphosphate,E450vi - Dicalcium diphosphate,3,
e470aiii-calcium-salts-of-fatty-acids,E470aiii - Calcium salts of fatty acids,2,
e424-curdlan,E424 - Curdlan,2,
e907-hydrogenated-poly-1-decene,E907 - Hydrogenated poly-1-decene,2,
e335ii-disodium-tartrate,E335ii - Disodium tartrate,2,
e351-potassium-malate,E351 - Potassium malate,2,
e478-lactylated-fatty-acid-esters-of-glycerol-and-propane-1,E478 - Lactylated fatty acid esters of glycerol and propane-1,2,
e519-copper-sulphate,E519 - Copper sulphate,2,
e313-ethyl-gallate,E313 - Ethyl gallate,2,
e304ii-ascorbyl-stearate,E304ii - Ascorbyl stearate,2,
e458-gamma-cyclodextrine,E458 - Gamma-Cyclodextrine,2,
e486-calcium-stearoyl-fumarate,E486 - Calcium stearoyl fumarate,2,
e160f-ethyl-ester-of-beta-apo-8-carotenic-acid-c-30,E160f - Ethyl ester of beta-apo-8'-carotenic acid (C 30),2,
e344-e344-food-additive,E344 - E344 food additive,2,
e710-spiramycin,E710 - Spiramycin,2,
e586-4-hexylresorcinol,E586 - 4-hexylresorcinol,2,
e906-benzoin-resin,E906 - Benzoin resin,2,
e357-potassium-adipate,E357 - Potassium adipate,2,
e1451-acetylated-oxidised-starch,E1451 - Acetylated oxidised starch,2,
e909-spermaceti,E909 - Spermaceti,2,
e383-calcium-glycerophosphate,E383 - Calcium glycerophosphate,2,
e484-stearyl-citrate,E484 - Stearyl citrate,2,
e399-calcium-lactobionate,E399 - Calcium lactobionate,2,
e640ii-sodiumglycinate,E640ii - Sodiumglycinate,2,
e628-dipotassium-guanylate,E628 - Dipotassium guanylate,2,
e390-e390-food-additive,E390 - E390 food additive,2,
e543-e543-food-additive,E543 - E543 food additive,2,
e632-dipotassium-inosinate,E632 - Dipotassium inosinate,2,
e359-ammonium-adipate,E359 - Ammonium adipate,1,
e1413-phosphated-distarch-phosphate,E1413 - Phosphated distarch phosphate,1,
e1517-glyceryl-diacetate,E1517 - Glyceryl diacetate,1,
e1430-distarch-glycerine,E1430 - Distarch glycerine,1,
e161c-cryptoaxanthin,E161c - Cryptoaxanthin,1,
e938-argon,E938 - Argon,1,
e213-calcium-benzoate,E213 - Calcium benzoate,1,High risk of over exposure
e317-erythorbin-acid,E317 - Erythorbin acid,1,
e537-ferrous-hexacyanomanganate,E537 - Ferrous hexacyanomanganate,1,
e452iii-sodium-calcium-polyphosphate,E452iii - Sodium calcium polyphosphate,1,
e922-potassium-persulfate,E922 - Potassium persulfate,1,
e440b-pectin-amide,E440b - Pectin amide,1,
e314-guaiacum,E314 - Guaiacum,1,
e240-formaldehyde,E240 - Formaldehyde,1,
e434-polyoxyethylene-sorbitan-monopalmitate,E434 - Polyoxyethylene sorbitan monopalmitate,1,Moderate risk of over exposure
e638-e638-food-additive,E638 - E638 food additive,1,
e238-calcium-formiate,E238 - Calcium formiate,1,
e629-calcium-guanylate,E629 - Calcium guanylate,1,
e284-boric-acid,E284 - Boric acid,1,
e1441-hydroxy-propyl-distarch-glycerine,E1441 - Hydroxy propyl distarch glycerine,1,
e923-ammonium-persulfate,E923 - Ammonium persulfate,1,
e515ii-potassium-hydrogen-sulphate,E515ii - Potassium hydrogen sulphate,1,
e623-calcium-diglutamate,E623 - Calcium diglutamate,1,
e926-chlorine-dioxide,E926 - Chlorine dioxide,1,
e182-orcein,E182 - Orcein,1,
e956-alitame,E956 - Alitame,1,
e546-magnesium-pyrophosphate,E546 - Magnesium pyrophosphate,1,
e366-potassium-fumarate,E366 - Potassium fumarate,1,
e328-ammonium-lactate,E328 - Ammonium lactate,1,
e356-sodium-adipate,E356 - Sodium adipate,1,
e128-red-2g,E128 - Red 2G,1,
e241-e241-food-additive,E241 - E241 food additive,1,
e946-octafluorocyclobutane,E946 - Octafluorocyclobutane,1,
e333i-monocalcium-citrate,E333i - Monocalcium citrate,1,
e354-calcium-tartrate,E354 - Calcium tartrate,1,
e429-peptone,E429 - Peptone,1,
e1205-basic-methacrylate-copolymer,E1205 - Basic methacrylate copolymer,1,
e323-e323-food-additive,E323 - E323 food additive,1,
e126-ponceau-6r,E126 - Ponceau 6R,1,
e538-calcium-ferrocyanide,E538 - Calcium ferrocyanide,1,
e910-wax-ester,E910 - Wax ester,1,
e642-e642-food-additive,E642 - E642 food additive,1,
e557-hemimorphite,E557 - Hemimorphite,1,
e488-ethoxylated-mono-and-di-glycerides,E488 - Ethoxylated Mono- and Di-Glycerides,1,
e335i-monosodium-tartrate,E335i - Monosodium tartrate,1,
e15x-e15x-food-additive,E15x - E15x food additive,1,